Year,Region,Value
2011,Asturias,2.17
2012,Asturias,0.33
2013,Asturias,-1.73
2014,Asturias,-1.79
2015,Asturias,-2.4
2016,Asturias,1.36
2017,Asturias,0.99
2018,Asturias,2.47
2019,Asturias,2.84
2020,Asturias,-0.37
2021,Asturias,-1.24
2022,Asturias,3.43
2023,Asturias,1.42
2011,España,0.47
2012,España,-1.46
2013,España,-2.84
2014,España,-1.88
2015,España,-1.15
2016,España,0.0
2017,España,1.1
2018,España,2.35
2019,España,2.49
2020,España,-0.18
2021,España,0.5
2022,España,1.72
2023,España,1.14
