Year,Region,Value
2010,Asturias,573.99
2011,Asturias,537.05
2012,Asturias,500.08
2013,Asturias,489.58
2014,Asturias,498.21
2015,Asturias,519.68
2016,Asturias,519.01
2017,Asturias,516.39
2018,Asturias,489.39
2019,Asturias,498.01
2020,Asturias,471.5
2021,Asturias,511.55
2010,España,523.6
2011,España,498.16
2012,España,479.06
2013,España,467.69
2014,España,459.33
2015,España,466.67
2016,España,471.24
2017,España,484.09
2018,España,485.62
2019,España,483.39
2020,España,458.96
2021,España,478.95
