Year,Region,Value
2011,Asturias,66.67
2012,Asturias,52.46
2013,Asturias,53.33
2014,Asturias,58.93
2015,Asturias,47.54
2016,Asturias,69.35
2017,Asturias,57.38
2018,Asturias,61.29
2019,Asturias,48.21
2020,Asturias,51.72
2021,Asturias,33.57
2022,Asturias,40.39
2023,Asturias,51.36
2011,España,53.29
2012,España,46.74
2013,España,41.13
2014,España,37.15
2015,España,48.4
2016,España,43.17
2017,España,47.97
2018,España,44.69
2019,España,48.92
2020,España,48.01
2021,España,46.03
2022,España,46.36
2023,España,48.47
