Year,Region,Value
2010,Asturias,0.91
2011,Asturias,0.89
2012,Asturias,0.89
2013,Asturias,0.88
2014,Asturias,0.85
2015,Asturias,0.88
2016,Asturias,0.91
2017,Asturias,0.93
2018,Asturias,0.95
2019,Asturias,0.95
2020,Asturias,0.99
2021,Asturias,0.99
2022,Asturias,1.0
2010,España,0.95
2011,España,0.95
2012,España,0.95
2013,España,0.93
2014,España,0.93
2015,España,0.93
2016,España,0.95
2017,España,0.97
2018,España,0.98
2019,España,1.0
2020,España,1.01
2021,España,1.03
2022,España,1.04
2023,España,1.04
