Year,Region,Value
2010,Asturias,0.53
2011,Asturias,0.54
2012,Asturias,0.54
2013,Asturias,0.53
2014,Asturias,0.53
2015,Asturias,0.57
2016,Asturias,0.56
2017,Asturias,0.56
2018,Asturias,0.57
2019,Asturias,0.57
2020,Asturias,0.56
2021,Asturias,0.56
2022,Asturias,0.55
2010,España,0.62
2011,España,0.61
2012,España,0.61
2013,España,0.61
2014,España,0.61
2015,España,0.62
2016,España,0.61
2017,España,0.62
2018,España,0.63
2019,España,0.63
2020,España,0.62
2021,España,0.63
2022,España,0.63
2023,España,0.62
