Year,Region,Value
2010,Asturias,0.68
2011,Asturias,-1.13
2012,Asturias,-4.02
2013,Asturias,-3.01
2014,Asturias,-0.27
2015,Asturias,2.54
2016,Asturias,1.6
2017,Asturias,2.07
2018,Asturias,1.54
2019,Asturias,1.23
2020,Asturias,-10.69
2021,Asturias,5.25
2022,Asturias,3.99
2011,España,-0.81
2012,España,-2.96
2013,España,-1.4
2014,España,1.4
2015,España,3.84
2016,España,3.04
2017,España,2.98
2018,España,2.28
2019,España,1.98
2020,España,-11.17
2021,España,6.4
2022,España,5.77
2023,España,2.5
