Year,Region,Value
2010,Asturias,0.8
2011,Asturias,0.64
2012,Asturias,0.73
2013,Asturias,0.86
2014,Asturias,0.88
2015,Asturias,1.05
2016,Asturias,0.85
2017,Asturias,0.64
2018,Asturias,0.77
2019,Asturias,0.77
2020,Asturias,0.7
2021,Asturias,0.77
2022,Asturias,0.88
2023,Asturias,0.75
2010,España,0.88
2011,España,0.87
2012,España,0.86
2013,España,0.89
2014,España,0.89
2015,España,0.88
2016,España,0.87
2017,España,0.86
2018,España,0.86
2019,España,0.86
2020,España,0.85
2021,España,0.86
2022,España,0.87
