Year,Region,Value
2010,Asturias,100
2011,Asturias,100
2012,Asturias,100
2013,Asturias,100
2014,Asturias,100
2015,Asturias,100
2016,Asturias,100
2017,Asturias,100
2018,Asturias,100
2019,Asturias,100
2020,Asturias,100
2021,Asturias,100
2022,Asturias,100
2023,Asturias,100
2024,Asturias,100
2010,España,100
2011,España,100
2012,España,100
2013,España,100
2014,España,100
2015,España,100
2016,España,100
2017,España,100
2018,España,100
2019,España,100
2020,España,100
2021,España,100
2022,España,100
2023,España,100
