Year,Región,Value
2010,Asturias,11.5
2011,Asturias,14.1
2012,Asturias,13.0
2013,Asturias,14.1
2014,Asturias,16.7
2015,Asturias,16.7
2016,Asturias,13.4
2017,Asturias,12.6
2018,Asturias,13.96
2019,Asturias,20.72
2020,Asturias,22.2
2021,Asturias,20.4
2022,Asturias,20.1
2023,Asturias,18.64
2010,España,20.72
2011,España,20.65
2012,España,20.83
2013,España,20.38
2014,España,22.23
2015,España,22.13
2016,España,22.35
2017,España,21.61
2018,España,21.54
2019,España,20.66
2020,España,20.97
2021,España,21.67
2022,España,20.45
2023,España,20.2
