Year,Región,Value
2011,Asturias,1.13
2012,Asturias,-0.18
2013,Asturias,-1.57
2014,Asturias,-1.23
2015,Asturias,-1.19
2016,Asturias,0.63
2017,Asturias,0.89
2018,Asturias,1.64
2019,Asturias,1.39
2020,Asturias,-2.31
2021,Asturias,-0.11
2022,Asturias,2.55
2023,Asturias,2.72
2011,España,0.27
2012,España,-1.3
2013,España,-2.07
2014,España,-1.18
2015,España,-0.53
2016,España,0.06
2017,España,1.26
2018,España,2.32
2019,España,2.42
2020,España,-0.24
2021,España,0.81
2022,España,1.74
2023,España,1.77
