Year,Región,Value
2010,Asturias,-40.2
2011,Asturias,-35.09
2012,Asturias,-30.85
2013,Asturias,-33.48
2014,Asturias,-32.2
2015,Asturias,-16.84
2016,Asturias,-33.48
2017,Asturias,-28.53
2018,Asturias,-34.34
2019,Asturias,-47.78
2020,Asturias,-56.29
2021,Asturias,-44.57
2010,España,-21.27
2011,España,-21.12
2012,España,-22.29
2013,España,-28.95
2014,España,-29.05
2015,España,-26.7
2016,España,-29.8
2017,España,-26.62
2018,España,-28.3
2019,España,-32.91
2020,España,-42.15
2021,España,-38.05
