Year,Región,Value
2010,Asturias,18.37
2011,Asturias,19.95
2012,Asturias,21.35
2013,Asturias,20.45
2014,Asturias,21.01
2015,Asturias,25.99
2016,Asturias,20.87
2017,Asturias,22.6
2018,Asturias,20.88
2019,Asturias,16.59
2020,Asturias,13.92
2021,Asturias,17.91
2022,Asturias,17.97
2010,España,6.63
2011,España,6.61
2012,España,6.51
2013,España,5.97
2014,España,5.98
2015,España,6.18
2016,España,5.91
2017,España,6.17
2018,España,6.0
2019,España,5.57
2020,España,4.73
2021,España,5.09
2022,España,5.16
