Year,Región,Value
2011,Asturias,62.3
2012,Asturias,62.71
2013,Asturias,66.67
2014,Asturias,57.14
2015,Asturias,45.76
2016,Asturias,69.49
2017,Asturias,70.0
2018,Asturias,82.46
2019,Asturias,63.27
2020,Asturias,49.18
2021,Asturias,54.97
2022,Asturias,44.73
2023,Asturias,56.03
2011,España,46.45
2012,España,40.26
2013,España,31.8
2014,España,32.62
2015,España,37.29
2016,España,37.42
2017,España,46.67
2018,España,47.63
2019,España,52.18
2020,España,49.03
2021,España,49.07
2022,España,51.13
2023,España,54.31
