Year,Región,Value
2011,Asturias,42.86
2012,Asturias,44.23
2013,Asturias,28.85
2014,Asturias,17.65
2015,Asturias,33.87
2016,Asturias,35.0
2017,Asturias,36.84
2018,Asturias,29.82
2019,Asturias,28.3
2020,Asturias,22.81
2021,Asturias,27.29
2022,Asturias,24.63
2023,Asturias,26.53
2024,Asturias,16.88
2011,España,15.66
2012,España,14.35
2013,España,12.4
2014,España,11.6
2015,España,15.47
2016,España,15.07
2017,España,18.5
2018,España,17.13
2019,España,20.88
2020,España,20.63
2021,España,20.29
2022,España,23.37
2023,España,22.0
