Year,Región,Value
2010,Asturias,0.17
2011,Asturias,0.17
2012,Asturias,0.17
2013,Asturias,0.15
2014,Asturias,0.16
2015,Asturias,0.16
2016,Asturias,0.14
2017,Asturias,0.14
2018,Asturias,0.14
2019,Asturias,0.14
2020,Asturias,0.14
2021,Asturias,0.16
2022,Asturias,0.15
2010,España,0.25
2011,España,0.25
2012,España,0.25
2013,España,0.25
2014,España,0.25
2015,España,0.25
2016,España,0.25
2017,España,0.25
2018,España,0.26
2019,España,0.26
2020,España,0.26
2021,España,0.26
2022,España,0.26
2023,España,0.26
