Year,Región,Value
2010,Asturias,0.13
2011,Asturias,0.15
2012,Asturias,0.15
2013,Asturias,0.16
2014,Asturias,0.15
2015,Asturias,0.16
2016,Asturias,0.16
2017,Asturias,0.17
2018,Asturias,0.2
2019,Asturias,0.21
2020,Asturias,0.19
2021,Asturias,0.19
2022,Asturias,0.2
2010,España,0.16
2011,España,0.17
2012,España,0.18
2013,España,0.19
2014,España,0.19
2015,España,0.19
2016,España,0.2
2017,España,0.2
2018,España,0.24
2019,España,0.24
2020,España,0.22
2021,España,0.23
2022,España,0.24
2023,España,0.27
