Year,Región,Value
2010,Asturias,-14.67
2011,Asturias,25.16
2012,Asturias,286.82
2013,Asturias,-1.66
2014,Asturias,8.85
2015,Asturias,3.71
2016,Asturias,-3.36
2017,Asturias,3.52
2018,Asturias,0.0
2019,Asturias,0.0
2020,Asturias,25.28
2021,Asturias,0.0
2010,España,8237.69
2011,España,12447.36
2012,España,1881.42
2013,España,9283.13
2014,España,8412.92
2015,España,6589.59
2016,España,9109.58
2017,España,9392.44
2018,España,8370.53
2019,España,3879.79
2020,España,6648.52
2021,España,1358.71
