Year,Región,Value
2010,Asturias,-14.67
2011,Asturias,25.16
2012,Asturias,286.82
2013,Asturias,-1.66
2014,Asturias,8.85
2015,Asturias,3.71
2016,Asturias,-3.36
2017,Asturias,3.52
2018,Asturias,0.0
2019,Asturias,0.0
2020,Asturias,25.28
2021,Asturias,0.0
2010,España,8237.69
2011,España,12447.75
2012,España,1537.26
2013,España,9283.55
2014,España,8413.25
2015,España,6590.77
2016,España,9112.18
2017,España,9395.09
2018,España,8373.09
2019,España,3898.74
2020,España,6733.4
2021,España,1583.71
