Year,Región,Value
2010,Asturias,13.85
2011,Asturias,11.16
2012,Asturias,12.33
2013,Asturias,13.92
2014,Asturias,14.14
2015,Asturias,12.93
2016,Asturias,12.92
2017,Asturias,13.01
2018,Asturias,13.48
2019,Asturias,12.56
2020,Asturias,12.02
2021,Asturias,9.63
2022,Asturias,8.36
2010,España,6.78
2011,España,6.8
2012,España,7.57
2013,España,8.31
2014,España,8.42
2015,España,7.77
2016,España,7.69
2017,España,7.91
2018,España,7.58
2019,España,7.8
2020,España,8.32
2021,España,8.45
2022,España,8.85
