Year,Región,Value
2010,Asturias,5.95
2011,Asturias,6.31
2012,Asturias,7.01
2013,Asturias,7.39
2014,Asturias,7.73
2015,Asturias,7.9
2016,Asturias,8.14
2017,Asturias,8.24
2018,Asturias,8.53
2019,Asturias,8.71
2020,Asturias,9.0
2021,Asturias,9.21
2022,Asturias,9.43
2023,Asturias,9.44
2010,España,5.96
2011,España,6.21
2012,España,6.68
2013,España,6.98
2014,España,7.17
2015,España,7.46
2016,España,7.68
2017,España,7.87
2018,España,8.05
2019,España,8.2
2020,España,8.39
2021,España,8.51
2022,España,8.52
2023,España,8.65
