Year,Región,Value
2011,Asturias,41.78
2012,Asturias,41.08
2013,Asturias,42.87
2014,Asturias,42.63
2015,Asturias,42.17
2016,Asturias,41.65
2017,Asturias,41.09
2018,Asturias,40.59
2019,Asturias,35.43
2020,Asturias,36.97
2021,Asturias,37.09
2022,Asturias,34.08
2011,España,21.7
2012,España,22.1
2013,España,21.89
2014,España,21.35
2015,España,20.96
2016,España,20.49
2017,España,20.14
2018,España,19.76
2019,España,19.07
2020,España,20.29
2021,España,19.56
2022,España,18.06
2023,España,17.21
