Year,Región,Value
2010,Asturias,4.03
2011,Asturias,0.2
2012,Asturias,1.4
2013,Asturias,1.34
2014,Asturias,-0.61
2015,Asturias,1.3
2016,Asturias,-0.13
2017,Asturias,1.68
2018,Asturias,-0.75
2019,Asturias,1.54
2020,Asturias,1.59
2021,Asturias,-2.08
2022,Asturias,0.99
2010,España,2.54
2011,España,1.48
2012,España,1.93
2013,España,1.48
2014,España,0.31
2015,España,0.79
2016,España,0.46
2017,España,0.87
2018,España,-0.23
2019,España,0.55
2020,España,-0.18
2021,España,-0.76
2022,España,1.81
2023,España,0.55
