Year,Región,Value
2010,Asturias,0.87
2011,Asturias,0.96
2012,Asturias,1.07
2013,Asturias,1.05
2014,Asturias,1.08
2015,Asturias,1.27
2016,Asturias,1.01
2017,Asturias,1.06
2018,Asturias,0.97
2019,Asturias,0.76
2020,Asturias,0.72
2021,Asturias,0.86
2022,Asturias,0.83
2010,España,0.27
2011,España,0.27
2012,España,0.28
2013,España,0.25
2014,España,0.25
2015,España,0.26
2016,España,0.24
2017,España,0.25
2018,España,0.24
2019,España,0.22
2020,España,0.21
2021,España,0.21
2022,España,0.21
