Year,Region,Value
2011,Asturias,52.38
2012,Asturias,65.38
2013,Asturias,54.72
2014,Asturias,46.81
2015,Asturias,42.86
2016,Asturias,46.67
2017,Asturias,54.39
2018,Asturias,40.68
2019,Asturias,33.33
2020,Asturias,48.15
2021,Asturias,40.59
2022,Asturias,44.69
2023,Asturias,55.16
2024,Asturias,58.39
2011,España,33.95
2012,España,36.26
2013,España,30.62
2014,España,27.54
2015,España,33.15
2016,España,30.11
2017,España,31.35
2018,España,20.65
2019,España,28.62
2020,España,41.14
2021,España,35.19
2022,España,43.51
2023,España,54.5
