Year,Region,Value
2011,Asturias,61.16
2012,Asturias,59.81
2013,Asturias,52.78
2014,Asturias,49.55
2015,Asturias,47.61
2016,Asturias,56.3
2017,Asturias,57.5
2018,Asturias,57.92
2019,Asturias,46.46
2020,Asturias,54.72
2021,Asturias,53.31
2022,Asturias,48.43
2023,Asturias,54.97
2011,España,44.33
2012,España,39.8
2013,España,35.04
2014,España,34.03
2015,España,39.77
2016,España,38.37
2017,España,43.2
2018,España,40.95
2019,España,44.46
2020,España,48.68
2021,España,46.67
2022,España,47.9
