Year,Region,Value
2010,Asturias,1.38
2011,Asturias,1.39
2012,Asturias,1.41
2013,Asturias,1.41
2014,Asturias,1.45
2015,Asturias,1.44
2016,Asturias,1.44
2017,Asturias,1.46
2018,Asturias,1.46
2019,Asturias,1.47
2020,Asturias,1.45
2021,Asturias,1.46
2022,Asturias,1.46
2010,España,1.37
2011,España,1.38
2012,España,1.39
2013,España,1.4
2014,España,1.4
2015,España,1.41
2016,España,1.41
2017,España,1.42
2018,España,1.42
2019,España,1.42
2020,España,1.43
2021,España,1.43
2022,España,1.44
2023,España,1.44
