Year,Region,Value
2010,Asturias,1.51
2011,Asturias,1.52
2012,Asturias,1.53
2013,Asturias,1.52
2014,Asturias,1.52
2015,Asturias,1.53
2016,Asturias,1.54
2017,Asturias,1.55
2018,Asturias,1.56
2019,Asturias,1.56
2020,Asturias,1.56
2021,Asturias,1.58
2022,Asturias,1.58
2010,España,1.43
2011,España,1.43
2012,España,1.46
2013,España,1.46
2014,España,1.47
2015,España,1.48
2016,España,1.48
2017,España,1.49
2018,España,1.49
2019,España,1.5
2020,España,1.51
2021,España,1.51
2022,España,1.51
2023,España,1.52
