Year,Region,Value
2010,Asturias,1.44
2011,Asturias,1.44
2012,Asturias,1.46
2013,Asturias,1.45
2014,Asturias,1.42
2015,Asturias,1.45
2016,Asturias,1.48
2017,Asturias,1.47
2018,Asturias,1.48
2019,Asturias,1.47
2020,Asturias,1.47
2021,Asturias,1.48
2022,Asturias,1.49
2010,España,1.45
2011,España,1.46
2012,España,1.45
2013,España,1.44
2014,España,1.44
2015,España,1.44
2016,España,1.45
2017,España,1.45
2018,España,1.45
2019,España,1.46
2020,España,1.46
2021,España,1.46
2022,España,1.47
2023,España,1.47
