Year,Region,Value
2010,Asturias,1.1
2011,Asturias,1.09
2012,Asturias,1.11
2013,Asturias,1.12
2014,Asturias,1.13
2015,Asturias,1.15
2016,Asturias,1.15
2017,Asturias,1.19
2018,Asturias,1.19
2019,Asturias,1.2
2020,Asturias,1.24
2021,Asturias,1.25
2022,Asturias,1.26
2010,España,1.28
2011,España,1.3
2012,España,1.29
2013,España,1.3
2014,España,1.29
2015,España,1.3
2016,España,1.31
2017,España,1.31
2018,España,1.3
2019,España,1.32
2020,España,1.33
2021,España,1.34
2022,España,1.34
2023,España,1.41
