Year,Region,Value
2010,Asturias,1.41
2011,Asturias,1.42
2012,Asturias,1.43
2013,Asturias,1.43
2014,Asturias,1.43
2015,Asturias,1.43
2016,Asturias,1.44
2017,Asturias,1.45
2018,Asturias,1.45
2019,Asturias,1.46
2020,Asturias,1.46
2021,Asturias,1.48
2022,Asturias,1.48
2010,España,1.34
2011,España,1.34
2012,España,1.36
2013,España,1.36
2014,España,1.36
2015,España,1.37
2016,España,1.38
2017,España,1.39
2018,España,1.39
2019,España,1.4
2020,España,1.4
2021,España,1.42
2022,España,1.42
2023,España,1.43
