Year,Region,Value
2010,Asturias,-0.06
2011,Asturias,0.11
2012,Asturias,1.34
2013,Asturias,-0.01
2014,Asturias,0.04
2015,Asturias,0.02
2016,Asturias,-0.02
2017,Asturias,0.02
2018,Asturias,0.0
2019,Asturias,0.0
2020,Asturias,0.12
2021,Asturias,0.05
2022,Asturias,0.06
2010,España,0.77
2011,España,1.17
2012,España,0.18
2013,España,0.91
2014,España,0.82
2015,España,0.61
2016,España,0.83
2017,España,0.81
2018,España,0.73
2019,España,0.34
2020,España,0.34
2021,España,-0.02
2022,España,-0.36
2023,España,0.42
