Year,Region,Sex,Value
2010,Asturias,,0.1
2011,Asturias,,0.08
2012,Asturias,,0.07
2013,Asturias,,0.06
2014,Asturias,,0.07
2015,Asturias,,0.07
2016,Asturias,,0.06
2017,Asturias,,0.08
2018,Asturias,,0.07
2019,Asturias,,0.06
2010,Asturias,Hombre,0.16
2011,Asturias,Hombre,0.13
2012,Asturias,Hombre,0.12
2013,Asturias,Hombre,0.09
2014,Asturias,Hombre,0.11
2015,Asturias,Hombre,0.11
2016,Asturias,Hombre,0.11
2017,Asturias,Hombre,0.13
2018,Asturias,Hombre,0.1
2019,Asturias,Hombre,0.11
2010,Asturias,Mujer,0.04
2011,Asturias,Mujer,0.03
2012,Asturias,Mujer,0.03
2013,Asturias,Mujer,0.03
2014,Asturias,Mujer,0.03
2015,Asturias,Mujer,0.02
2016,Asturias,Mujer,0.02
2017,Asturias,Mujer,0.03
2018,Asturias,Mujer,0.04
2019,Asturias,Mujer,0.02
2010,España,,0.12
2011,España,,0.11
2012,España,,0.1
2013,España,,0.09
2014,España,,0.1
2015,España,,0.09
2016,España,,0.09
2017,España,,0.09
2018,España,,0.08
2019,España,,0.08
2020,España,,0.06
2010,España,Hombre,0.19
2011,España,Hombre,0.18
2012,España,Hombre,0.18
2013,España,Hombre,0.16
2014,España,Hombre,0.17
2015,España,Hombre,0.16
2016,España,Hombre,0.16
2017,España,Hombre,0.16
2018,España,Hombre,0.15
2019,España,Hombre,0.14
2020,España,Hombre,0.1
2010,España,Mujer,0.04
2011,España,Mujer,0.04
2012,España,Mujer,0.03
2013,España,Mujer,0.03
2014,España,Mujer,0.03
2015,España,Mujer,0.03
2016,España,Mujer,0.03
2017,España,Mujer,0.03
2018,España,Mujer,0.02
2019,España,Mujer,0.02
2020,España,Mujer,0.02
