Year,Region,Value
2010,Asturias,9.13
2011,Asturias,10.08
2012,Asturias,9.51
2013,Asturias,9.93
2014,Asturias,8.78
2015,Asturias,8.88
2016,Asturias,8.38
2017,Asturias,8.98
2018,Asturias,8.58
2019,Asturias,8.74
2020,Asturias,11.08
2021,Asturias,14.59
2022,Asturias,15.67
2023,Asturias,16.13
2010,España,11.16
2011,España,11.18
2012,España,11.17
2013,España,11.37
2014,España,10.11
2015,España,9.91
2016,España,9.39
2017,España,9.86
2018,España,10.48
2019,España,10.65
2020,España,11.0
2021,España,14.32
2022,España,15.21
2023,España,15.81
